<?xml version="1.0" encoding="utf-8"?>
<extension type="module" client="site" method="upgrade">
	<name>MOD_CUSTOM_BLANKGHSVS</name>
	<author>G@HService Berlin Neukölln, Volkmar Volli Schlothauer</author>
	<creationDate>2017-11-16</creationDate>
	<copyright>(C) 2017, G@HService Berlin Neukölln, Volkmar Volli Schlothauer (ghsvs.de)</copyright>
	<license>GNU General Public License version 3 or later; see LICENSE.txt.</license>
	<authorUrl>https://ghsvs.de</authorUrl>
	<version>2023.11.03</version>
	<description>MOD_CUSTOM_BLANKGHSVS_XML_DESCRIPTION</description>

	<updateservers><server type="extension" priority="1" name="MOD_CUSTOM_BLANKGHSVS">https://raw.githubusercontent.com/GHSVS-de/upadateservers/master/mod_custom_blankghsvs-update.xml</server></updateservers>

	<infourl>https://github.com/GHSVS-de/mod_custom_blankghsvs/releases/tag/2023.11.03</infourl>

	<scriptfile>installerScript.php</scriptfile>
	<minimumPhp>7.4.0</minimumPhp>
	<maximumPhp></maximumPhp>
	<minimumJoomla>4.3.0</minimumJoomla>
	<maximumJoomla>5.9999.9999</maximumJoomla>
	<allowDowngrades>1</allowDowngrades>

	<files>
		<folder>language</folder>
		<folder module="mod_custom_blankghsvs">services</folder>
		<folder>src</folder>
		<folder>tmpl</folder>
		<filename>installerScript.php</filename>
		<filename>LICENSE.txt</filename>
	</files>
	<namespace path="src">GHSVS\Module\CustomBlankGhsvs</namespace>
	<config addfieldprefix="GHSVS\Module\CustomBlankGhsvs\Site\Field">
		<fieldset name="inhalt" label="Content">
			<field name="content" type="textarea" filter="raw" rows="60" cols="250"
				class="input-xxlarge">
			</field>
		</fieldset>

		<fields name="params">
			<fieldset name="advanced">

				<field name="prepare_content" type="list" default="0" filter="integer"
					label="MOD_CUSTOM_FIELD_PREPARE_CONTENT_LABEL">
					<option value="1">JYES</option>
					<option value="0">JNO</option>
				</field>

				<field name="layout" type="modulelayout" validate="moduleLayout"
					label="JFIELD_ALT_LAYOUT_LABEL"
					class="form-select"/>

				<field name="moduleclass_sfx" type="textarea" filter="string"
					label="COM_MODULES_FIELD_MODULECLASS_SFX_LABEL"/>

				<field name="cache" type="list" default="1" filter="integer"
					validate="options"
					label="COM_MODULES_FIELD_CACHING_LABEL">
					<option value="1">JGLOBAL_USE_GLOBAL</option>
					<option value="0">COM_MODULES_FIELD_VALUE_NOCACHING</option>
				</field>

				<field name="cache_time" type="number" default="900" filter="integer"
					label="COM_MODULES_FIELD_CACHE_TIME_LABEL" />

				<field name="cachemode" type="hidden" default="static">
					<option value="static"></option>
				</field>

			</fieldset>
		</fields>
	</config>
</extension>
